id,first_name,last_name,email,gender,city
1,Corny,O'Rudden,corudden0@apple.com,Female,Shaxi
2,Katherina,Cockshoot,kcockshoot1@exblog.jp,Female,Oslo
3,Dicky,Anespie,danespie2@bing.com,Male,Jarigue
4,Josias,Catterall,jcatterall3@friendfeed.com,Male,Liangdang Chengguanzhen
5,Pauletta,Weymont,pweymont4@gizmodo.com,Female,Alvesta
6,Edgar,Adshed,eadshed5@ameblo.jp,Male,Iriga City
7,Gwenette,Harbert,gharbert6@goo.ne.jp,Female,Dazhigu
8,Field,Jandera,fjandera7@quantcast.com,Male,Yenagoa
9,Silas,Ness,sness8@delicious.com,Male,Portland
10,Giacopo,Reitenbach,greitenbach9@uiuc.edu,Male,Itapicuru
11,Millicent,Dikels,mdikelsa@yellowbook.com,Female,Ganhe
12,Rayner,Crowcombe,rcrowcombeb@1688.com,Male,Lyamino
13,Dewain,Borrow,dborrowc@mozilla.org,Male,Al Qurayshīyah
14,Bram,Crossfeld,bcrossfeldd@illinois.edu,Male,Agriá
15,Elwyn,Boundey,eboundeye@sogou.com,Male,Fundão
16,Ginnie,Anney,ganneyf@plala.or.jp,Female,Kota Bharu
17,Leslie,Mewrcik,lmewrcikg@amazon.co.uk,Female,Diré
18,Noel,Sadler,nsadlerh@howstuffworks.com,Female,Heshang
19,Pascale,Ivashchenko,pivashchenkoi@earthlink.net,Male,Otaru
20,Yoshiko,Streak,ystreakj@mail.ru,Female,Kuching
21,Terrijo,Gostage,tgostagek@icq.com,Female,Burnham
22,Beilul,Crosthwaite,bcrosthwaitel@liveinternet.ru,Female,Limulunga
23,Davidde,Hingeley,dhingeleym@telegraph.co.uk,Male,Nedakonice
24,Lazarus,Diviney,ldivineyn@wired.com,Male,Cherbourg-Octeville
25,Milissent,Persse,mpersseo@soup.io,Female,Prado
26,Letitia,Dibdall,ldibdallp@wikipedia.org,Female,Antioquia
27,Cammy,Dyble,cdybleq@google.com,Male,Limoges
28,Moises,Skettles,mskettlesr@so-net.ne.jp,Male,Taubaté
29,Rosalia,Braxton,rbraxtons@smh.com.au,Female,Si’en
30,Hilarius,Elsby,helsbyt@paypal.com,Male,Fushan
31,Barney,Harbard,bharbardu@github.io,Male,Lindesberg
32,Marji,Serjeant,mserjeantv@goodreads.com,Female,Jianyangping
33,Brant,Buck,bbuckw@ebay.com,Male,Xinshui
34,Toddy,Kubicka,tkubickax@pen.io,Male,Sepulu
35,Loren,Burnage,lburnagey@oracle.com,Male,Monchegorsk
36,Sascha,Schlagh,sschlaghz@slashdot.org,Agender,Afanas’yeva
37,Guinna,Riddel,griddel10@noaa.gov,Female,Vila Nova
38,Chance,Ziems,cziems11@microsoft.com,Male,Sonquil
39,Kristoforo,Shilling,kshilling12@ucsd.edu,Male,Głubczyce
40,Helge,Spieght,hspieght13@free.fr,Female,Xiangcunxiang
41,Johannes,Simants,jsimants14@arizona.edu,Male,Spas’ke
42,Basilio,Dottrell,bdottrell15@xrea.com,Male,Nanmu
43,Maure,Kimpton,mkimpton16@soundcloud.com,Female,Yamazakichō-nakabirose
44,Jehanna,Burkett,jburkett17@miitbeian.gov.cn,Female,Sande São Martinho
45,Garland,Eastwood,geastwood18@reddit.com,Female,Tymoshivka
46,Amargo,Fishwick,afishwick19@berkeley.edu,Female,Fort Beaufort
47,Appolonia,Shapera,ashapera1a@wordpress.org,Female,Esperalvillo
48,Ludwig,Mahmood,lmahmood1b@dailymail.co.uk,Male,Gaojiabu
49,Godfree,Climie,gclimie1c@time.com,Male,Cogtong
50,Tadio,Vasyukhnov,tvasyukhnov1d@guardian.co.uk,Male,Chengkan
51,Sarajane,Rowswell,srowswell1e@pcworld.com,Female,Buena Vista
52,Boris,Gauntlett,bgauntlett1f@nba.com,Male,Tianfen
53,Michaelina,Pratty,mpratty1g@unc.edu,Female,Ust’-Koksa
54,Friedrick,Grainger,fgrainger1h@webeden.co.uk,Male,Manticao
55,Maurits,Keoghan,mkeoghan1i@cisco.com,Bigender,Xi’an
56,Alika,Dufaire,adufaire1j@smh.com.au,Female,Nagoya-shi
57,Jennee,Nice,jnice1k@example.com,Female,Purranque
58,Patsy,Pidgen,ppidgen1l@seesaa.net,Male,Ribeira Seca
59,Francklin,Beevor,fbeevor1m@geocities.jp,Male,Keli
60,Phillis,Skoyles,pskoyles1n@go.com,Female,Leiguan
61,Doll,Adel,dadel1o@plala.or.jp,Female,Limit
62,Tobin,Morriss,tmorriss1p@weebly.com,Male,Riberalta
63,Ollie,Bangiard,obangiard1q@addtoany.com,Female,Tshela
64,Zoe,Delve,zdelve1r@infoseek.co.jp,Female,Constanza
65,Cathie,Duckett,cduckett1s@ca.gov,Female,Tran
66,Dannie,Malden,dmalden1t@senate.gov,Male,Burunday
67,Rosemarie,Izkovici,rizkovici1u@dell.com,Female,Agua Buena
68,Moria,Suerz,msuerz1v@epa.gov,Female,Ntoroko
69,Rora,Basford,rbasford1w@youtu.be,Female,Pran Buri
70,Bird,Lawson,blawson1x@indiegogo.com,Agender,Igbaras
71,Ezequiel,Wilbraham,ewilbraham1y@arstechnica.com,Male,Liushun
72,Jaime,Drains,jdrains1z@youtube.com,Female,Vân Đình
73,Hyacinthie,Poizer,hpoizer20@amazon.de,Female,Nong Chik
74,Quincy,Jammet,qjammet21@twitter.com,Male,Sanfang
75,Cynthy,Treagust,ctreagust22@netscape.com,Female,Sosnovyy Bor
76,Otha,Pryde,opryde23@barnesandnoble.com,Female,Jielong
77,Harriet,Ratke,hratke24@spotify.com,Female,Mpraeso
78,Urban,Doleman,udoleman25@youtube.com,Male,Cibitung
79,Jarret,Paulley,jpaulley26@live.com,Agender,Jakubów
80,Claiborn,Heald,cheald27@google.com.hk,Genderqueer,Bang Ban
81,Savina,Vickarman,svickarman28@macromedia.com,Female,Itaguaí
82,Zarla,Humphery,zhumphery29@sourceforge.net,Female,Alor Setar
83,Eleanora,Gossage,egossage2a@wix.com,Female,Bugko
84,Katrinka,Wolffers,kwolffers2b@bigcartel.com,Female,Floriana
85,Ferris,Warren,fwarren2c@shareasale.com,Male,Bécancour
86,Matty,Andrzejczak,mandrzejczak2d@symantec.com,Male,Ресен
87,Fanchette,Deeth,fdeeth2e@icio.us,Female,São José dos Pinhais
88,Blondell,Kleeborn,bkleeborn2f@jimdo.com,Female,Abakan
89,Catlin,Childerley,cchilderley2g@t.co,Female,Carpenter
90,Wilbert,Larmouth,wlarmouth2h@twitpic.com,Male,Saint-Denis
91,Cherilyn,Nunnerley,cnunnerley2i@parallels.com,Female,Cola
92,Iorgo,Shephard,ishephard2j@furl.net,Male,Palencia
93,Llewellyn,Bushell,lbushell2k@unesco.org,Male,Katunayaka
94,Chadd,Druitt,cdruitt2l@homestead.com,Male,Qingyuan
95,Josephina,Dalzell,jdalzell2m@thetimes.co.uk,Polygender,Fu’an
96,Eran,Griffithe,egriffithe2n@google.it,Female,Langtang
97,Des,Greenway,dgreenway2o@utexas.edu,Male,Huangsha
98,Mylo,Velasquez,mvelasquez2p@illinois.edu,Non-binary,Aurelliana
99,Deana,Brandts,dbrandts2q@miitbeian.gov.cn,Female,Novokhopërsk
100,Alexina,Smoughton,asmoughton2r@biglobe.ne.jp,Female,Ban Fang
101,Micky,Ward,mward2s@diigo.com,Female,Lekaj
102,Quinn,Habden,qhabden2t@goo.gl,Male,Puerto Maldonado
103,Mira,Lupton,mlupton2u@cbsnews.com,Female,Middelburg
104,Herc,Woodyeare,hwoodyeare2v@blogger.com,Male,Langkapcaang Hilir
105,Berrie,Egleton,begleton2w@goo.ne.jp,Female,Zielonki
106,Martelle,Scott,mscott2x@unicef.org,Female,Erfurt
107,Colette,Gero,cgero2y@rakuten.co.jp,Female,Pedreira
108,Johnna,Imrie,jimrie2z@sciencedaily.com,Polygender,Biaoshan
109,Maura,Hatwells,mhatwells30@sakura.ne.jp,Female,Lieksa
110,Marve,Barritt,mbarritt31@github.io,Male,Thawat Buri
111,Garrik,Adshede,gadshede32@baidu.com,Male,Summerside
112,Kaycee,Felder,kfelder33@people.com.cn,Female,San Antonio Suchitepéquez
113,Nalani,Lode,nlode34@yahoo.com,Female,Abbottābād
114,Corney,Meadows,cmeadows35@tinypic.com,Male,La Esperanza
115,Nanni,Lapley,nlapley36@ezinearticles.com,Female,Papineauville
116,Hank,Gregor,hgregor37@free.fr,Male,Sumbersih
117,Fons,Ccomini,fccomini38@nature.com,Male,Yuecheng
118,Sibelle,Yakobowitz,syakobowitz39@go.com,Female,Paris 19
119,Felisha,Pryer,fpryer3a@mit.edu,Agender,Oliveira
120,Alric,Croster,acroster3b@census.gov,Male,Lampa
121,Penny,Tighe,ptighe3c@amazon.de,Female,Zabłocie
122,Koo,Gerhartz,kgerhartz3d@thetimes.co.uk,Female,Burgastai
123,Dominga,Posnette,dposnette3e@guardian.co.uk,Female,Gryaznovskoye
124,Davina,Bithell,dbithell3f@mtv.com,Female,Rat Burana
125,Pearl,Pile,ppile3g@simplemachines.org,Female,Yongjiahe
126,Alyosha,Kupker,akupker3h@globo.com,Male,Ipoh
127,Rainer,Sotworth,rsotworth3i@examiner.com,Male,Hadano
128,Marc,Gorcke,mgorcke3j@bbb.org,Male,Yuanbao
129,Lisha,Collett,lcollett3k@msu.edu,Female,Một Ngàn
130,Jose,Everitt,jeveritt3l@elegantthemes.com,Male,Nggalak
131,Randy,Blaksland,rblaksland3m@wix.com,Non-binary,Kliteh
132,Trueman,Court,tcourt3n@wikimedia.org,Male,Vale Boeiro
133,Ellissa,Peschke,epeschke3o@unc.edu,Female,Storvreta
134,Larry,Arney,larney3p@live.com,Male,Jinniu
135,Quinton,Predohl,qpredohl3q@twitpic.com,Male,Aconibe
136,Pet,Troubridge,ptroubridge3r@netlog.com,Female,Carmen
137,Jaquenetta,Wadeling,jwadeling3s@ask.com,Female,Ginowan
138,Robena,Mumby,rmumby3t@is.gd,Female,Voskhod
139,Babita,Kauschke,bkauschke3u@sina.com.cn,Genderqueer,Otjiwarongo
140,Nettle,Maplethorp,nmaplethorp3v@marriott.com,Female,Mucuri
141,Clerc,Tatham,ctatham3w@zimbio.com,Male,São Leopoldo
142,Obadiah,Paxton,opaxton3x@storify.com,Male,Uitiuhtuan
143,Levi,Healeas,lhealeas3y@stumbleupon.com,Male,Kota Kinabalu
144,Quill,McCosh,qmccosh3z@stumbleupon.com,Male,Chayuan
145,Page,Hamshaw,phamshaw40@netlog.com,Female,Māsāl
146,Caro,Schohier,cschohier41@purevolume.com,Female,Vicente Guerrero
147,Kingsly,Sigward,ksigward42@ycombinator.com,Male,Wonokerto
148,Letisha,Siderfin,lsiderfin43@goodreads.com,Female,Kashin
149,Lyndsay,Iacomini,liacomini44@myspace.com,Female,Cungking
150,Vasilis,Duker,vduker45@vistaprint.com,Male,Qiaozi
151,Gretta,Crossgrove,gcrossgrove46@upenn.edu,Female,Porvenir
152,Baxter,Wringe,bwringe47@joomla.org,Male,Yanping
153,Guilbert,Stuckley,gstuckley48@godaddy.com,Male,Cerro Colorado
154,Creigh,Stedall,cstedall49@homestead.com,Male,Nikolo-Pavlovskoye
155,Peirce,Diego,pdiego4a@cisco.com,Male,Douliu
156,Jacqueline,Mattia,jmattia4b@newsvine.com,Female,Palmeiros
157,Sloan,Hafford,shafford4c@slate.com,Male,Hesi
158,Erick,Rogans,erogans4d@e-recht24.de,Male,Leskovac
159,Crosby,Mattiessen,cmattiessen4e@opensource.org,Male,Yongfeng
160,Bram,Gornar,bgornar4f@moonfruit.com,Male,Sidomakmur
161,Camila,Soule,csoule4g@shinystat.com,Non-binary,Sake
162,Olin,Hemeret,ohemeret4h@cbslocal.com,Male,Dawang
163,Lothario,Milazzo,lmilazzo4i@springer.com,Male,Donetsk
164,Giavani,Roden,groden4j@4shared.com,Male,Usol’ye
165,Gasper,Tummons,gtummons4k@histats.com,Male,Umbulan
166,Willem,Allot,wallot4l@stumbleupon.com,Male,Pajo
167,Yasmeen,Cadge,ycadge4m@amazon.co.uk,Female,Mariefred
168,Ettie,McCrisken,emccrisken4n@unesco.org,Genderfluid,Cork
169,Nariko,Winfindine,nwinfindine4o@deviantart.com,Female,Bobojong
170,Nikolaos,Forson,nforson4p@va.gov,Male,Fartura
171,Clive,Kerswill,ckerswill4q@ebay.com,Male,Bagakay
172,Tomkin,Whitcher,twhitcher4r@blogtalkradio.com,Genderqueer,Nogueira da Regedoura
173,Dorita,Ambrogelli,dambrogelli4s@cmu.edu,Female,Agbani
174,Vick,Asker,vasker4t@cdc.gov,Male,Mascote
175,Aili,Vasilechko,avasilechko4u@mail.ru,Female,Lanjaghbyur
176,Clemmie,Frogley,cfrogley4v@youtu.be,Male,Jiuxian
177,Zita,Irons,zirons4w@ted.com,Female,Tanalt
178,Glennis,Russon,grusson4x@clickbank.net,Genderqueer,Suslonger
179,Dicky,Arbon,darbon4y@parallels.com,Genderfluid,Bua Yai
180,Astrid,Carme,acarme4z@fema.gov,Female,Goz Beïda
181,Thom,Andres,tandres50@over-blog.com,Male,Iguig
182,Julee,Gregr,jgregr51@hatena.ne.jp,Female,Prado
183,Vail,Gilstoun,vgilstoun52@shutterfly.com,Male,Tizguine
184,Giulia,Lavallin,glavallin53@clickbank.net,Female,Margherita
185,Deny,Routley,droutley54@naver.com,Female,Baoxing
186,Katharina,Eminson,keminson55@chronoengine.com,Female,Driyorejo
187,Nicholas,Leathwood,nleathwood56@cnet.com,Male,Byumba
188,Jerald,Ketteridge,jketteridge57@nymag.com,Male,La Cumbre
189,Judah,Seabrocke,jseabrocke58@jigsy.com,Male,Doblas
190,Joanna,Inchbald,jinchbald59@w3.org,Female,Cunday
191,Beverly,McKoy,bmckoy5a@ft.com,Female,Tai’an
192,Stormi,Guage,sguage5b@is.gd,Female,Courbevoie
193,Shurlock,Husk,shusk5c@bloomberg.com,Agender,Gongqiao
194,Elnar,Fullalove,efullalove5d@imageshack.us,Male,Horní Stropnice
195,Kizzee,Disbrey,kdisbrey5e@comcast.net,Female,Odiong
196,Ronald,Labbet,rlabbet5f@fotki.com,Male,Hufang
197,Archy,Plevin,aplevin5g@imageshack.us,Male,Motomiya
198,Wayland,Abbs,wabbs5h@umn.edu,Bigender,Calape
199,Suzanne,Renon,srenon5i@zimbio.com,Female,Barroso
200,Martainn,Whissell,mwhissell5j@businessinsider.com,Male,Kwekwe
201,Celene,Aizikovitz,caizikovitz5k@bbc.co.uk,Female,Matão
202,Briant,Wasiel,bwasiel5l@typepad.com,Male,At Tawāhī
203,Dodi,Huet,dhuet5m@businesswire.com,Female,Hongjiazui
204,Claudio,Spratley,cspratley5n@networkadvertising.org,Male,Bergerac
205,Francklyn,Brady,fbrady5o@fastcompany.com,Male,Mesa
206,Balduin,Santen,bsanten5p@symantec.com,Male,Cimişlia
207,Jaquith,Whether,jwhether5q@china.com.cn,Female,Yanhu
208,Forrester,Makepeace,fmakepeace5r@statcounter.com,Male,Jiaoyang
209,Roselia,Nevett,rnevett5s@usnews.com,Female,Tunja
210,Danita,Jiracek,djiracek5t@ihg.com,Female,Rancageneng Satu
211,Marnie,Gabb,mgabb5u@xinhuanet.com,Female,Bulakgebang
212,Conroy,Cowin,ccowin5v@acquirethisname.com,Male,Carriedo
213,Becka,Trorey,btrorey5w@aboutads.info,Female,Mwene-Ditu
214,Siward,Fantin,sfantin5x@umich.edu,Male,Krajan
215,Ashla,Camerati,acamerati5y@google.cn,Female,Raga
216,Amaleta,Bauman,abauman5z@oracle.com,Female,Panevėžys
217,Xerxes,Le land,xleland60@blogtalkradio.com,Male,Capela
218,Bruce,Brazear,bbrazear61@1und1.de,Polygender,Lichinga
219,Estrella,Hazlegrove,ehazlegrove62@sina.com.cn,Female,Mbouda
220,Pearline,Fandrich,pfandrich63@so-net.ne.jp,Female,Raoyang
221,Emery,Hulle,ehulle64@cdbaby.com,Male,Manzanillo
222,Terrye,Dofty,tdofty65@amazon.co.jp,Female,Parengan
223,Eddi,Tittershill,etittershill66@ihg.com,Female,Xiangyang
224,Arleta,Blacklidge,ablacklidge67@google.cn,Female,Sucre
225,Cesar,Mulrean,cmulrean68@ftc.gov,Male,Dawang
226,Jeanette,Fromant,jfromant69@marketwatch.com,Genderqueer,Magog
227,Lauritz,Feak,lfeak6a@webmd.com,Male,Araranguá
228,Clerkclaude,Phette,cphette6b@va.gov,Male,Williamsfield
229,Caron,Roach,croach6c@myspace.com,Female,Phichit
230,Wanids,McGreay,wmcgreay6d@yahoo.co.jp,Female,Jose Maria Morelos
231,Arabele,Embra,aembra6e@aboutads.info,Female,Daishan
232,Vikki,Calladine,vcalladine6f@unesco.org,Female,Brignoles
233,Iorgos,Dewick,idewick6g@sbwire.com,Male,Ristinummi
234,Dex,Ingleston,dingleston6h@bing.com,Male,Al Ḩarf
235,Jordon,Preddy,jpreddy6i@clickbank.net,Male,Redondos
236,Virgie,Nand,vnand6j@bing.com,Female,Nijmegen
237,Alica,Booth,abooth6k@amazon.co.jp,Female,Chipoka
238,Zebulon,Peegrem,zpeegrem6l@ow.ly,Male,San Nicolás
239,Lutero,Stoad,lstoad6m@foxnews.com,Genderqueer,Xianglong
240,Leia,Danielou,ldanielou6n@sun.com,Female,Kuaidamao
241,Val,Jeandet,vjeandet6o@ft.com,Male,Gerdu
242,Juliet,Dreye,jdreye6p@pbs.org,Female,Zwolle
243,Hersch,Coyte,hcoyte6q@mtv.com,Male,Wirodayan
244,Shaine,MacRonald,smacronald6r@japanpost.jp,Female,Shihua
245,Anita,Merrisson,amerrisson6s@furl.net,Female,La Puerta de San José
246,Leonie,Geach,lgeach6t@myspace.com,Female,Hakha
247,Renate,Tulleth,rtulleth6u@alexa.com,Female,São Félix do Xingu
248,Liesa,Thomerson,lthomerson6v@wikispaces.com,Female,Pho Si Suwan
249,Gherardo,Beadel,gbeadel6w@ycombinator.com,Male,Ma‘dān
250,Hubie,Patkin,hpatkin6x@delicious.com,Male,Dongming
251,Carlene,Gravatt,cgravatt6y@123-reg.co.uk,Female,São Domingos
252,Maynord,Crame,mcrame6z@sphinn.com,Male,Cascavel
253,Koo,Seviour,kseviour70@irs.gov,Non-binary,Tworków
254,Stu,Kinnerk,skinnerk71@cdbaby.com,Male,Curuzú Cuatiá
255,Farly,Tunnock,ftunnock72@goo.ne.jp,Male,Rancagadog
256,Royal,Johann,rjohann73@fotki.com,Male,Boju
257,Giovanna,Lammerich,glammerich74@salon.com,Female,Sulahan
258,Morie,Brisker,mbrisker75@sphinn.com,Male,Guanta
259,Victor,Malpass,vmalpass76@so-net.ne.jp,Male,Thị Trấn Trùng Khánh
260,Glenden,Mulford,gmulford77@earthlink.net,Male,Fale old settlement
261,Sherlocke,Passe,spasse78@naver.com,Male,Praia da Tocha
262,Louella,Cinderey,lcinderey79@360.cn,Female,Kharp
263,Dulcy,Dimitrie,ddimitrie7a@sohu.com,Female,Dschang
264,Elfrida,Desport,edesport7b@altervista.org,Genderqueer,Yuhuazhai
265,Bernie,Keoghane,bkeoghane7c@merriam-webster.com,Genderqueer,Svenljunga
266,Arnold,Cardozo,acardozo7d@blogspot.com,Male,Airmadidi
267,Gwenni,Shimon,gshimon7e@ucsd.edu,Female,Jiangtian
268,Temple,Ledner,tledner7f@wunderground.com,Male,Banaba
269,Reagen,Grog,rgrog7g@psu.edu,Polygender,Amadora
270,Milt,Annice,mannice7h@cnn.com,Male,Grande Cache
271,Penelopa,Matys,pmatys7i@chicagotribune.com,Female,Calangain
272,Willis,O' Ronan,woronan7j@europa.eu,Male,Obertyn
273,Tammara,Oppy,toppy7k@redcross.org,Female,Seattle
274,Othilie,Cuseick,ocuseick7l@vkontakte.ru,Female,Turanj
275,Farrand,Goodsall,fgoodsall7m@people.com.cn,Genderfluid,Emiliano Zapata
276,Darn,Eisold,deisold7n@pen.io,Male,Las Palmas
277,Cyndi,Klemensiewicz,cklemensiewicz7o@nhs.uk,Female,Dzyatlava
278,Conchita,Mackerness,cmackerness7p@cornell.edu,Polygender,El Paraíso
279,Samaria,Gatecliff,sgatecliff7q@over-blog.com,Agender,Leninskiy
280,Pierson,Shreeve,pshreeve7r@cisco.com,Male,Owode
281,Ailee,Coales,acoales7s@xrea.com,Female,Ciudad Bolívar
282,Dona,Yakubov,dyakubov7t@noaa.gov,Female,Ambanja
283,Hesther,Quick,hquick7u@jiathis.com,Female,Curumaní
284,Anthe,Khan,akhan7v@technorati.com,Female,Bakar
285,Tammie,Rodwell,trodwell7w@time.com,Bigender,Zapatero
286,Clerissa,Cridland,ccridland7x@squidoo.com,Female,Salakuray
287,Allin,Husher,ahusher7y@multiply.com,Male,Ystad
288,Aldric,Scantleberry,ascantleberry7z@blogger.com,Male,Frederiksberg
289,Novelia,Beaumont,nbeaumont80@xrea.com,Female,Seremban
290,Alikee,Bloor,abloor81@people.com.cn,Genderqueer,Tisco
291,Myrah,Udey,mudey82@mashable.com,Female,Zhuozishan
292,Lara,Delos,ldelos83@phpbb.com,Female,Głogówek
293,Jermayne,Corhard,jcorhard84@aol.com,Male,Solna
294,Mala,Deevey,mdeevey85@craigslist.org,Female,Yunxi
295,Casie,Seamons,cseamons86@bravesites.com,Agender,Jurm
296,Marlon,Linfoot,mlinfoot87@apache.org,Male,Zaliztsi
297,Elianore,Puxley,epuxley88@google.com.br,Female,Ostrowsko
298,Koo,Golly,kgolly89@people.com.cn,Bigender,Serednye Vodyane
299,Elwood,Roast,eroast8a@i2i.jp,Non-binary,Zoushi
300,Caddric,Cahalan,ccahalan8b@marketwatch.com,Non-binary,Sibagat
301,Cleon,Tilney,ctilney8c@ucoz.ru,Male,São José do Rio Preto
302,Zora,De Cristofalo,zdecristofalo8d@mashable.com,Female,Ripky
303,Torin,Fowden,tfowden8e@google.ca,Male,Pak Chom
304,Templeton,Pessolt,tpessolt8f@cyberchimps.com,Male,El Bolsón
305,Margie,Pykett,mpykett8g@lulu.com,Genderqueer,Huilong
306,Hobard,Applebee,happlebee8h@pbs.org,Male,Santa Rosa
307,Rasia,Barkes,rbarkes8i@hibu.com,Female,Tucheng
308,Wilmette,McCarle,wmccarle8j@sogou.com,Female,At-Bashi
309,Oby,Withrington,owithrington8k@sphinn.com,Male,San Miguel
310,Ad,Zanicchelli,azanicchelli8l@wunderground.com,Male,Pestovo
311,Jennilee,Vella,jvella8m@arstechnica.com,Female,Tokār
312,Saunderson,Stanesby,sstanesby8n@feedburner.com,Bigender,El Aguilar
313,Vivianna,Scowcraft,vscowcraft8o@cmu.edu,Female,Baitouli
314,Luelle,Yurkin,lyurkin8p@soup.io,Female,Foča
315,Mercy,Listone,mlistone8q@moonfruit.com,Female,Lons-le-Saunier
316,Aurelia,Else,aelse8r@digg.com,Female,Sincé
317,Scarface,Mosley,smosley8s@icq.com,Male,Xigangzi
318,Hamnet,MacKim,hmackim8t@washington.edu,Male,Zhaigang
319,Isidore,Swale,iswale8u@1688.com,Male,Union
320,Alfreda,Lewins,alewins8v@va.gov,Female,Emiliano Zapata
321,Vivyanne,Nayer,vnayer8w@alexa.com,Female,Ashford
322,Cherie,Khan,ckhan8x@bandcamp.com,Female,Parabon
323,Celle,Curtis,ccurtis8y@netscape.com,Female,La Estancia
324,Querida,McCane,qmccane8z@mtv.com,Female,Amsterdam
325,Westleigh,Donne,wdonne90@ehow.com,Male,Baizhang
326,Jeannie,Petrushka,jpetrushka91@about.com,Female,Curug
327,Juli,Benninger,jbenninger92@cisco.com,Female,Baitu
328,Lilia,Pettingall,lpettingall93@dell.com,Female,Kokkónion
329,Dirk,McClements,dmcclements94@nationalgeographic.com,Male,Sukamulya
330,Shaine,Dunmore,sdunmore95@google.com.br,Female,Bariri
331,Aggy,Timperley,atimperley96@1und1.de,Female,Lishan
332,Eba,Izkovitz,eizkovitz97@hexun.com,Female,Cisalakdesa
333,Colby,Fuzzard,cfuzzard98@sakura.ne.jp,Male,Massaranduba
334,Torin,Rowbury,trowbury99@bloglines.com,Male,Gbadolite
335,Irina,Maslin,imaslin9a@moonfruit.com,Female,Novovladykino
336,Brantley,Garfitt,bgarfitt9b@ocn.ne.jp,Male,Shuangtian
337,Tirrell,Eagles,teagles9c@google.it,Male,Lamovita
338,Selie,Dominka,sdominka9d@nytimes.com,Female,Okpoma
339,Cullin,Jelliman,cjelliman9e@i2i.jp,Male,Abidjan
340,Brittani,Wroath,bwroath9f@sun.com,Female,Tabon
341,Rozella,Wraighte,rwraighte9g@auda.org.au,Non-binary,Dadian
342,Dolley,Hodges,dhodges9h@usatoday.com,Female,Xarardheere
343,Jorie,Lieber,jlieber9i@jiathis.com,Female,Non Narai
344,Marnie,Gricks,mgricks9j@ehow.com,Female,Vatutine
345,Alberta,Bateup,abateup9k@photobucket.com,Female,Bukovec
346,Tuck,Marques,tmarques9l@usnews.com,Bigender,Świdnica
347,Maris,Dimitrijevic,mdimitrijevic9m@webs.com,Female,Huangmei
348,Daron,Sealand,dsealand9n@livejournal.com,Male,Zambujeira do Mar
349,Candis,Binion,cbinion9o@github.io,Female,Siilinjärvi
350,Peterus,Maffioletti,pmaffioletti9p@edublogs.org,Male,Łopuszno
351,Kissee,Szymanowski,kszymanowski9q@usnews.com,Female,Yanguan
352,Weber,Marusic,wmarusic9r@tinyurl.com,Male,Dujuuma
353,Esteban,Tonkin,etonkin9s@networkadvertising.org,Male,Al ‘Azīzīyah
354,Khalil,Tanton,ktanton9t@google.it,Non-binary,Lekaj
355,Estrella,Grenshields,egrenshields9u@slate.com,Female,Sịa
356,Abeu,Hartnell,ahartnell9v@dailymotion.com,Male,Galamares
357,Delphine,Slocom,dslocom9w@joomla.org,Agender,Skhodnya
358,Carlie,Fillary,cfillary9x@twitter.com,Male,Mendeleyevskiy
359,Llewellyn,McGroarty,lmcgroarty9y@delicious.com,Male,Cergy-Pontoise
360,Teador,Crowcum,tcrowcum9z@comcast.net,Male,Venda
361,Dasha,Croson,dcrosona0@google.com.hk,Female,Chamouny
362,Kacie,Mauchlen,kmauchlena1@deliciousdays.com,Female,Teeli
363,Selie,Gillies,sgilliesa2@privacy.gov.au,Female,São Paio de Gramaços
364,Ruby,Moggle,rmogglea3@shutterfly.com,Male,Coruripe
365,Steffie,Hought,shoughta4@csmonitor.com,Female,Abreus
366,Hagan,MacCartair,hmaccartaira5@artisteer.com,Male,Sujiatuo
367,Waldon,Noni,wnonia6@yolasite.com,Male,Podolí
368,Guinna,Pedracci,gpedraccia7@fema.gov,Female,Fuming
369,Menard,Fealy,mfealya8@usda.gov,Male,Sekartaji
370,Adolphe,Seers,aseersa9@pinterest.com,Male,Nawu
371,Ollie,Routhorn,orouthornaa@baidu.com,Male,Sinmak
372,Faber,Giovannetti,fgiovannettiab@about.com,Male,San Vicente Pacaya
373,Chandra,Dormon,cdormonac@census.gov,Female,Dongmaku
374,Teri,Roach,troachad@ehow.com,Female,Waxi
375,Emerson,Newsham,enewshamae@bravesites.com,Male,Caojia
376,Mela,Carnaman,mcarnamanaf@jimdo.com,Female,Villejuif
377,Dal,Obispo,dobispoag@netvibes.com,Male,El Matama
378,Lyn,Foreman,lforemanah@mapy.cz,Male,Kárystos
379,Storm,Gallop,sgallopai@google.pl,Female,Najiaying
380,Arlen,Christensen,achristensenaj@adobe.com,Male,Francisco Beltrão
381,Carrie,Sapsed,csapsedak@google.co.uk,Female,Alajuelita
382,Georgina,Reijmers,greijmersal@utexas.edu,Female,Vimmerby
383,Marice,Leile,mleileam@infoseek.co.jp,Female,Fundão
384,Aleksandr,Layson,alaysonan@pcworld.com,Male,Woto
385,Callida,Yele,cyeleao@behance.net,Female,Taganak
386,Tiena,Hawksby,thawksbyap@spiegel.de,Non-binary,Sumberwaru
387,Alvina,Shackesby,ashackesbyaq@amazonaws.com,Female,Bar-le-Duc
388,Ross,Probbin,rprobbinar@pinterest.com,Male,Aswan
389,Quent,Trittam,qtrittamas@cbslocal.com,Male,Sandefjord
390,Marissa,Jolin,mjolinat@newsvine.com,Female,San Pedro del Paraná
391,Reuben,Meak,rmeakau@usnews.com,Male,Zaklików
392,Abigael,Vuitton,avuittonav@dedecms.com,Female,Longcun
393,Dusty,Wahner,dwahneraw@archive.org,Female,Kondrovo
394,Ricki,Layzell,rlayzellax@parallels.com,Male,Halmstad
395,Corissa,Vernazza,cvernazzaay@issuu.com,Female,Zhangduangu
396,Dan,Huson,dhusonaz@dedecms.com,Male,Balakliya
397,Spence,Wilkisson,swilkissonb0@about.me,Male,Kharkiv
398,Reynolds,Crepel,rcrepelb1@hp.com,Male,Lingyang
399,Berenice,Stathor,bstathorb2@weather.com,Female,Maulavi Bāzār
400,Jeddy,Nash,jnashb3@csmonitor.com,Male,Garango
401,Burnard,Woodburne,bwoodburneb4@disqus.com,Genderqueer,Muang Pakxan
402,Nike,Deverick,ndeverickb5@weebly.com,Female,Hoktember
403,Alonzo,Escale,aescaleb6@washingtonpost.com,Male,Jinpanling
404,Fitz,Lidgey,flidgeyb7@skyrock.com,Male,Sutton
405,Broderic,McGuckin,bmcguckinb8@bluehost.com,Polygender,Ţahţā
406,Curcio,Di Biagi,cdibiagib9@hc360.com,Male,Agualva de Cima
407,Derek,Seymark,dseymarkba@symantec.com,Male,Fort Wayne
408,Herschel,MacAdam,hmacadambb@php.net,Male,Toyohama
409,Kirk,Beentjes,kbeentjesbc@nsw.gov.au,Male,Kertamukti
410,Barnard,Plaxton,bplaxtonbd@tumblr.com,Male,Kaducondong
411,Trent,O'Driscole,todriscolebe@unesco.org,Male,Luodong
412,Cassi,Simonnin,csimonninbf@nba.com,Female,Banjar Pangkungtibah Selatan
413,Piotr,Megainey,pmegaineybg@goo.ne.jp,Male,Jishu
414,Prent,Castiglioni,pcastiglionibh@bloglovin.com,Male,Pedroso
415,Lauretta,Cowap,lcowapbi@cam.ac.uk,Female,Pirapora do Bom Jesus
416,Kanya,Leavesley,kleavesleybj@gravatar.com,Female,Cigaras
417,Scotty,Gainforth,sgainforthbk@nymag.com,Male,Pueblo
418,Cammy,Buckmaster,cbuckmasterbl@who.int,Female,Cigintung
419,April,Brafferton,abraffertonbm@princeton.edu,Female,Kashmor
420,Lorilyn,Andrew,landrewbn@discovery.com,Female,Basseterre
421,Silvio,Cheves,schevesbo@foxnews.com,Male,Oslo
422,Richardo,McKevany,rmckevanybp@fastcompany.com,Non-binary,København
423,Blancha,Petrashov,bpetrashovbq@people.com.cn,Genderqueer,Skärholmen
424,Milo,Horwell,mhorwellbr@xinhuanet.com,Male,Niu
425,Jared,Kinghorn,jkinghornbs@geocities.com,Male,Nong Hin
426,Nikolaos,Hollerin,nhollerinbt@economist.com,Male,Dorowa Mining Lease
427,Denney,Aumerle,daumerlebu@bbb.org,Bigender,Farkhor
428,Arluene,McCheyne,amccheynebv@kickstarter.com,Female,New York City
429,Karlik,Craigmile,kcraigmilebw@webeden.co.uk,Male,Aldeia da Piedade
430,Kizzee,Beggi,kbeggibx@google.pl,Female,Kosong
431,Deidre,Caffery,dcafferyby@elegantthemes.com,Polygender,Kruty
432,Edward,Gabbatt,egabbattbz@linkedin.com,Male,Independencia
433,Konstantin,Peter,kpeterc0@discuz.net,Male,Dapchi
434,Estella,Jendrys,ejendrysc1@digg.com,Bigender,Surat Thani
435,Diena,Giacomelli,dgiacomellic2@sun.com,Female,Carvalheira
436,Kissie,Husbands,khusbandsc3@sun.com,Female,Marelesu
437,Ruthie,Salvador,rsalvadorc4@narod.ru,Female,Nanxing
438,Sonia,Lowrie,slowriec5@meetup.com,Female,Zudun
439,Benedikt,Tremain,btremainc6@github.io,Male,Bulusari
440,Marve,Lysons,mlysonsc7@tripadvisor.com,Male,Baishui
441,Alleen,Henderson,ahendersonc8@xrea.com,Female,Lolayan
442,Gardener,Matterson,gmattersonc9@hp.com,Male,Cigemlong
443,Osbourn,Sleight,osleightca@home.pl,Male,Kuttu
444,Myrna,Blei,mbleicb@furl.net,Female,Longsha
445,Sydel,Holtham,sholthamcc@wordpress.org,Female,Shifo
446,Royall,Forsdicke,rforsdickecd@instagram.com,Male,Xinminxiang
447,Norbie,Boyn,nboynce@free.fr,Male,Lemahputih
448,Alexei,Burgot,aburgotcf@tuttocitta.it,Male,Gunajaya
449,Brocky,Hamman,bhammancg@360.cn,Male,Padang
450,Suzette,Devall,sdevallch@discovery.com,Female,Fontinha
451,Laughton,Readwing,lreadwingci@auda.org.au,Male,Quilmes
452,Had,Rosin,hrosincj@yale.edu,Male,Cikarang
453,Cori,Kinghorne,ckinghorneck@japanpost.jp,Female,Aygestan
454,Camilla,Lattos,clattoscl@icio.us,Female,Notre-Dame-des-Prairies
455,Raquela,Alsford,ralsfordcm@google.cn,Female,Winnica
456,Aggie,Moss,amosscn@last.fm,Female,Ala-Buka
457,Maurizio,Hitscher,mhitscherco@rakuten.co.jp,Male,El Espino
458,Celia,Timny,ctimnycp@zdnet.com,Genderqueer,Dakoutun
459,Ripley,Goodliffe,rgoodliffecq@woothemes.com,Male,Sorodot
460,Marcela,Rudd,mruddcr@ucoz.com,Genderfluid,Delicias
461,Sarge,Mallon,smalloncs@umn.edu,Agender,Wuxiang
462,Brandon,Skeggs,bskeggsct@hatena.ne.jp,Male,Nashtā Rūd
463,Cole,Conquest,cconquestcu@npr.org,Male,Bocowanti
464,Lewiss,Maureen,lmaureencv@histats.com,Male,Dhaka
465,Dorene,Brockhurst,dbrockhurstcw@smugmug.com,Female,Maevatanana
466,Poul,Unwins,punwinscx@opera.com,Male,Komsomolsk
467,Gerard,Buckerfield,gbuckerfieldcy@weebly.com,Male,Täby
468,Kariotta,Pariss,kparisscz@redcross.org,Female,Sempu
469,Darrelle,Gobel,dgobeld0@weather.com,Female,Stratford
470,Elliott,Fever,efeverd1@usa.gov,Male,San Pa Tong
471,Byram,Kitley,bkitleyd2@jugem.jp,Male,Port Loko
472,Maurise,de Verson,mdeversond3@ihg.com,Genderfluid,Bandar-e ‘Asalūyeh
473,Lodovico,Uttley,luttleyd4@dell.com,Male,Aţ Ţaybah
474,Duke,Mytton,dmyttond5@cafepress.com,Male,Rancapeundey
475,Willy,Huggan,whuggand6@amazon.de,Female,San Sebastián
476,Ailbert,Sellen,asellend7@ycombinator.com,Male,Omišalj
477,Rollo,Hoggan,rhoggand8@vimeo.com,Male,Krynice
478,Estrellita,Parffrey,eparffreyd9@clickbank.net,Female,Kamojimachō-jōgejima
479,Lion,Lane,llaneda@cpanel.net,Male,Katipunan
480,Fawne,Bartels,fbartelsdb@123-reg.co.uk,Female,Plast
481,Gerard,Gornall,ggornalldc@angelfire.com,Male,Sierra Imataca
482,Halette,de Grey,hdegreydd@mashable.com,Agender,Topol’noye
483,Jacinda,Emmanuel,jemmanuelde@spiegel.de,Female,Avellaneda
484,Marlo,Pantling,mpantlingdf@dedecms.com,Genderqueer,Amouguer
485,Guglielmo,Owers,gowersdg@prlog.org,Male,Moulins
486,Francklyn,Coverdale,fcoverdaledh@trellian.com,Male,Harper
487,Elisabeth,Langfat,elangfatdi@alexa.com,Female,Szczaniec
488,Chiquia,Yoselevitch,cyoselevitchdj@tinyurl.com,Female,Smolino
489,Bobinette,Savatier,bsavatierdk@latimes.com,Polygender,Sanguansi
490,Etty,Heynel,eheyneldl@taobao.com,Female,Oliveira
491,Daryle,Janaway,djanawaydm@flickr.com,Male,Pamoyanan
492,Nickola,Capelle,ncapelledn@netvibes.com,Male,Skogås
493,Odey,Ellaman,oellamando@engadget.com,Male,Rychvald
494,Arleta,O'Cullinane,aocullinanedp@360.cn,Genderfluid,Bethanie
495,Toddie,Cosgrove,tcosgrovedq@sitemeter.com,Male,Medveditskiy
496,Jerad,Coggings,jcoggingsdr@chicagotribune.com,Male,Naebugis
497,Lynea,Massingberd,lmassingberdds@harvard.edu,Female,Tegalrejo
498,Erie,Loweth,elowethdt@home.pl,Male,Pamplona/Iruña
499,Rice,Pavitt,rpavittdu@home.pl,Male,Bradford
500,Nero,Muzzollo,nmuzzollodv@census.gov,Male,Gifu-shi
501,Nyssa,Denzilow,ndenzilowdw@wordpress.com,Female,Xiakouyi
502,Wini,Bewsy,wbewsydx@webmd.com,Female,Tagdanua
503,Helen,Petricek,hpetricekdy@twitpic.com,Female,Pétionville
504,Austin,Chate,achatedz@alibaba.com,Male,Pārūn
505,King,Berriball,kberriballe0@bloglovin.com,Male,Casais Baleal
506,Chancey,Kippie,ckippiee1@alibaba.com,Male,Belén de los Andaquíes
507,Wald,Glowacz,wglowacze2@guardian.co.uk,Male,Lahān
508,Barnaby,Hofer,bhofere3@upenn.edu,Male,Novoukrayinka
509,Dav,Hugli,dhuglie4@java.com,Male,Slawharad
510,Madelene,Wife,mwifee5@bing.com,Female,Huangling
511,Broddie,Voaden,bvoadene6@zimbio.com,Male,Al ‘Ayzarīyah
512,Sammie,Tims,stimse7@umn.edu,Genderfluid,Isla
513,Trev,Lansberry,tlansberrye8@stumbleupon.com,Male,Balinad
514,Corrinne,McLae,cmclaee9@technorati.com,Female,Lipov
515,Wrennie,Tiesman,wtiesmanea@bloglines.com,Female,Norfolk County
516,Hubie,Barukh,hbarukheb@phoca.cz,Male,Dūst Moḩammad Khān
517,Faustine,Koeppe,fkoeppeec@apache.org,Female,Penengahan
518,Mikol,Lackney,mlackneyed@purevolume.com,Male,Infanta
519,Reiko,Fearon,rfearonee@sbwire.com,Female,Penglai
520,Clarice,Ramm,crammef@liveinternet.ru,Female,Morales
521,Sunny,Rudeyeard,srudeyeardeg@google.nl,Male,Altavista
522,Zackariah,Mauditt,zmauditteh@behance.net,Polygender,Dolega District
523,Blair,Prentice,bprenticeei@senate.gov,Female,Mizusawa
524,Lamond,Orpwood,lorpwoodej@wordpress.org,Male,Independencia
525,Gareth,Lapping,glappingek@nytimes.com,Male,Remedios
526,Zebadiah,Horribine,zhorribineel@vk.com,Male,Lelystad
527,Cayla,Kurth,ckurthem@csmonitor.com,Female,Wailang
528,Eddie,Wybron,ewybronen@webmd.com,Male,Maoshan
529,Bria,Sute,bsuteeo@pen.io,Female,Baykit
530,Bunni,Seckington,bseckingtonep@tumblr.com,Female,Campo Largo
531,Camel,Cellier,ccelliereq@istockphoto.com,Female,Xiachen
532,Dredi,Stennings,dstenningser@cpanel.net,Female,Apucarana
533,Chas,Woodfin,cwoodfines@marriott.com,Male,Colombia
534,Val,Newbegin,vnewbeginet@51.la,Male,Kingersheim
535,Roz,Andrichak,randrichakeu@themeforest.net,Female,Subaykhān
536,Ellette,Dymoke,edymokeev@ask.com,Polygender,Ciranca
537,Erina,Lancetter,elancetterew@uol.com.br,Agender,Huanggang
538,Bennie,Ordemann,bordemannex@bbc.co.uk,Male,Cagwait
539,Celestia,Poacher,cpoacherey@ocn.ne.jp,Female,Sungai Nyamuk
540,Loleta,Brittle,lbrittleez@cdbaby.com,Female,Augusta
541,Gradeigh,McCarry,gmccarryf0@godaddy.com,Male,Shibi
542,Mattie,Cyphus,mcyphusf1@epa.gov,Male,Camalote
543,Marion,Orys,morysf2@pagesperso-orange.fr,Male,Antopal’
544,Archibald,Germaine,agermainef3@wisc.edu,Genderfluid,Baiquan
545,Obed,Meachem,omeachemf4@fc2.com,Male,Kalutara
546,Mathe,Rubke,mrubkef5@cloudflare.com,Male,Rio Verde de Mato Grosso
547,Roseanne,Leyden,rleydenf6@chron.com,Female,Dayangqi
548,Trev,Enstone,tenstonef7@forbes.com,Male,Koski Tl
549,Miran,Hargraves,mhargravesf8@acquirethisname.com,Bigender,Liloan
550,Isa,Houlahan,ihoulahanf9@rakuten.co.jp,Female,Shang Boingor
551,Alysia,Carrack,acarrackfa@google.ca,Female,La Plata
552,Ev,Dicey,ediceyfb@goo.ne.jp,Male,Adolfo Lopez Mateos
553,Lanny,Saur,lsaurfc@phpbb.com,Female,Ferdinandovac
554,Ruperta,Proffer,rprofferfd@japanpost.jp,Female,Soufrière
555,Massimo,Laming,mlamingfe@fema.gov,Male,Otrokovice
556,Tana,Doud,tdoudff@friendfeed.com,Female,Shadrinsk
557,Mar,Buche,mbuchefg@theguardian.com,Male,Orleans
558,Yoko,Bartlomiej,ybartlomiejfh@fc2.com,Female,Salaya
559,Helen,Dugdale,hdugdalefi@disqus.com,Female,Zhouhe
560,Reggi,Kiln,rkilnfj@biblegateway.com,Female,Fangxiang
561,Andonis,Mitchenson,amitchensonfk@vkontakte.ru,Male,Galván
562,Ddene,Lysaght,dlysaghtfl@nasa.gov,Female,Rio Largo
563,Tuesday,Gercken,tgerckenfm@uol.com.br,Non-binary,Bailang
564,Anabel,Pesticcio,apesticciofn@skype.com,Female,Sanjia
565,Modesta,McRill,mmcrillfo@ebay.com,Female,Qindu
566,Angus,Osboldstone,aosboldstonefp@amazonaws.com,Male,Compiègne
567,Koral,Smallcomb,ksmallcombfq@irs.gov,Female,Yambol
568,Alberto,Flewitt,aflewittfr@over-blog.com,Male,Huicheng
569,Doretta,Maclean,dmacleanfs@fema.gov,Female,Pengfang
570,Corrie,Churchin,cchurchinft@msu.edu,Female,Wujiabao
571,Mitch,Gurys,mgurysfu@techcrunch.com,Bigender,Muang Xay
572,Abbey,Whitehall,awhitehallfv@latimes.com,Male,Sanqiao
573,Orren,Methuen,omethuenfw@who.int,Bigender,Dasht-e Archī
574,Kordula,Snedden,ksneddenfx@twitpic.com,Female,Wąpielsk
575,Herculie,Swatland,hswatlandfy@sphinn.com,Male,Ulset
576,Demott,Sayles,dsaylesfz@sitemeter.com,Bigender,Op
577,Pyotr,Hallatt,phallattg0@zdnet.com,Male,Raychikhinsk
578,Julietta,Hanselman,jhanselmang1@ebay.com,Female,Masaran
579,Jobyna,Mauger,jmaugerg2@hp.com,Female,Koga
580,Valera,Hagergham,vhagerghamg3@livejournal.com,Female,Shangyi
581,Wilhelm,Pack,wpackg4@toplist.cz,Male,Trondheim
582,Orbadiah,MacConnechie,omacconnechieg5@tamu.edu,Male,Jönköping
583,Mollie,Pillans,mpillansg6@utexas.edu,Female,Tučepi
584,Neda,de Marco,ndemarcog7@newyorker.com,Female,Luar
585,Ichabod,Maidment,imaidmentg8@auda.org.au,Male,Sidikalang
586,Vidovic,Foley,vfoleyg9@example.com,Genderfluid,Dingyan
587,Bryn,Benny,bbennyga@biglobe.ne.jp,Female,Kamyzyak
588,Boniface,Gierth,bgierthgb@cocolog-nifty.com,Male,Moita
589,William,Ughini,wughinigc@feedburner.com,Male,Youshan
590,Delainey,Denison,ddenisongd@dell.com,Male,Funabashi
591,Sandra,Crutch,scrutchge@oakley.com,Female,Capilla del Monte
592,Jone,Godlip,jgodlipgf@scientificamerican.com,Male,Henglin
593,Cheslie,Capper,ccappergg@walmart.com,Polygender,Napier
594,Gabie,Eddison,geddisongh@barnesandnoble.com,Female,Tokorozawa
595,Brenden,Rubury,bruburygi@nymag.com,Male,Herāt
596,Toni,Furber,tfurbergj@gov.uk,Female,Wotan
597,Rod,McNay,rmcnaygk@prweb.com,Male,Lesozavodsk
598,Hewe,Rookeby,hrookebygl@i2i.jp,Male,Lelekovice
599,Cynthia,Edworthye,cedworthyegm@sohu.com,Female,Xinxikou
600,Olag,Bridie,obridiegn@hatena.ne.jp,Male,Tegalalang
601,Ollie,Garrat,ogarratgo@google.com.au,Male,Klippan
602,Brose,Morales,bmoralesgp@ocn.ne.jp,Male,Longgang
603,Darice,Whitford,dwhitfordgq@psu.edu,Female,Nanyang
604,Tom,Wiggins,twigginsgr@newsvine.com,Genderfluid,Las Vegas
605,Adams,Laroze,alarozegs@about.me,Male,Suan Luang
606,Dena,Folcarelli,dfolcarelligt@unblog.fr,Female,Armenokhórion
607,Caritta,Fransoni,cfransonigu@dot.gov,Female,Týn nad Vltavou
608,Debee,Godon,dgodongv@salon.com,Female,Anuling
609,Annaliese,Botham,abothamgw@networksolutions.com,Female,Akashi
610,Arlan,Barendtsen,abarendtsengx@youtube.com,Male,Nanmu
611,Miller,O'Doohaine,modoohainegy@people.com.cn,Male,Songgui
612,Cleo,Caesar,ccaesargz@bluehost.com,Female,Renchaoxi
613,Winonah,Tart,wtarth0@icq.com,Female,Carreira
614,Annmarie,Godball,agodballh1@noaa.gov,Female,Akhmīm
615,Angeli,Reeson,areesonh2@tripadvisor.com,Male,Cojutepeque
616,Beulah,Lorentz,blorentzh3@clickbank.net,Female,Santo Niño
617,Price,Corter,pcorterh4@squarespace.com,Male,Zaječar
618,Tybalt,Klossek,tklossekh5@nsw.gov.au,Genderfluid,Jintang
619,Malena,Bunclark,mbunclarkh6@yellowbook.com,Female,Vabalninkas
620,Jammal,Gittoes,jgittoesh7@pcworld.com,Male,Orange Farm
621,Ruprecht,Ohanessian,rohanessianh8@weebly.com,Male,Jargalant
622,Juliann,Skidmore,jskidmoreh9@dion.ne.jp,Female,Wantou
623,Oswell,Bassano,obassanoha@apache.org,Male,Praia do Ribatejo
624,Josy,Greenier,jgreenierhb@mlb.com,Female,Laranjal Paulista
625,Zaria,Rowe,zrowehc@yolasite.com,Female,Miami Beach
626,Sonnnie,Carty,scartyhd@google.ca,Female,Krasnoyarka
627,Katrina,Willets,kwilletshe@webs.com,Female,Domoni
628,Ira,Tire,itirehf@xrea.com,Genderqueer,Wakimachi
629,Jeramey,Jenkerson,jjenkersonhg@google.com,Male,Tambilil
630,Alix,England,aenglandhh@squarespace.com,Female,Krasnotur’insk
631,Allys,Birch,abirchhi@pbs.org,Female,Manizales
632,Dedra,Lambkin,dlambkinhj@ed.gov,Female,Thị Trấn Quế
633,Joshuah,GiacobbiniJacob,jgiacobbinijacobhk@alexa.com,Non-binary,Purabaya
634,Yankee,McMichell,ymcmichellhl@economist.com,Male,Durham
635,Estella,Bagby,ebagbyhm@gnu.org,Female,Beauvais
636,June,McDade,jmcdadehn@1688.com,Female,Rawa Satu
637,Barclay,Larraway,blarrawayho@answers.com,Male,Yablochnyy
638,Adi,Label,alabelhp@businessinsider.com,Female,Cantao-an
639,Richmond,Klosges,rklosgeshq@psu.edu,Male,Zwolle
640,Gwenneth,Krysiak,gkrysiakhr@ftc.gov,Female,Zamboanga
641,Andrej,Stickney,astickneyhs@rambler.ru,Male,Smínthi
642,Amata,Mattersey,amatterseyht@icq.com,Female,Forshaga
643,Estell,Samwayes,esamwayeshu@msn.com,Female,Stari Grad
644,Leslie,Doumerque,ldoumerquehv@youtube.com,Female,Kungsbacka
645,Bastien,Tiley,btileyhw@lycos.com,Male,Blagnac
646,Angus,Aspey,aaspeyhx@mtv.com,Male,Qarqaraly
647,Nani,Conniam,nconniamhy@unblog.fr,Female,Nikolayevka
648,Lila,Egleton,legletonhz@clickbank.net,Female,Lysekil
649,Neilla,Sadry,nsadryi0@sina.com.cn,Female,Santa María de Jesús
650,Orsa,Stratten,ostratteni1@nasa.gov,Female,Tibro
651,Yehudi,Saterthwait,ysaterthwaiti2@ucsd.edu,Male,Punta Gorda
652,Sullivan,Ramey,srameyi3@mayoclinic.com,Male,Ḩāfiz̧ Moghul
653,Ryun,Durnell,rdurnelli4@cbc.ca,Male,Naran-mandokhu Somon
654,Rasia,Tremain,rtremaini5@cbc.ca,Female,Kupu
655,Harriet,Cavan,hcavani6@1und1.de,Non-binary,Andekantor
656,Constantino,Ambrogelli,cambrogellii7@jiathis.com,Male,Bali
657,Gilly,Foyston,gfoystoni8@yale.edu,Female,Pulau Pinang
658,Archambault,Prazer,aprazeri9@hhs.gov,Male,Machikou
659,Nariko,Bruckstein,nbrucksteinia@businessinsider.com,Female,North Little Rock
660,Abby,Caldicott,acaldicottib@g.co,Female,Clermont-Ferrand
661,Griffith,Scolland,gscollandic@hhs.gov,Male,Bambali
662,Bernhard,Blewmen,bblewmenid@over-blog.com,Male,Zhenlong
663,Berta,Gullefant,bgullefantie@about.com,Female,Changtian
664,Chryste,Hugo,chugoif@artisteer.com,Female,Panjerrejo
665,Fidole,Crimes,fcrimesig@howstuffworks.com,Male,San Francisco
666,Derry,Cruikshanks,dcruikshanksih@senate.gov,Male,Banjar Kelodan
667,Lianna,Cullrford,lcullrfordii@biglobe.ne.jp,Female,Pavlovsk
668,Hattie,Tayloe,htayloeij@unc.edu,Female,Huoshaodian
669,Thedrick,Ashling,tashlingik@linkedin.com,Male,Loma Bonita
670,Ave,Antliff,aantliffil@exblog.jp,Genderqueer,Skibbereen
671,Padraig,Hayfield,phayfieldim@independent.co.uk,Male,Priozërsk
672,Bernette,Brimblecomb,bbrimblecombin@tripadvisor.com,Female,Carhué
673,Jamey,Kleiner,jkleinerio@google.co.uk,Male,Bazzāryah
674,Maximilian,Chalker,mchalkerip@sina.com.cn,Male,Öjebyn
675,Dominica,Bush,dbushiq@freewebs.com,Female,Toledo
676,Lenee,Dearan,ldearanir@nih.gov,Female,Carrascal
677,Sibel,Oliphand,soliphandis@state.gov,Female,Limanowa
678,Lurlene,Minocchi,lminocchiit@live.com,Female,Kayar
679,Floyd,Jeannet,fjeannetiu@vkontakte.ru,Male,Itapetinga
680,Emeline,D'Ambrogi,edambrogiiv@paginegialle.it,Female,Farranacoush
681,Hoyt,Mueller,hmuelleriw@hc360.com,Male,Nishinomiya-hama
682,Emalia,Hasnney,ehasnneyix@bloglines.com,Female,Ulricehamn
683,Nannie,Grigorian,ngrigorianiy@tripadvisor.com,Female,Fort Beaufort
684,Keelby,Sibbert,ksibbertiz@fema.gov,Male,Barnaul
685,Tamara,Haitlie,thaitliej0@yale.edu,Female,Chernyanka
686,Darrick,Philp,dphilpj1@sourceforge.net,Male,Limoges
687,Thomasine,Kuscha,tkuschaj2@virginia.edu,Female,Živinice
688,Maryanne,Crolly,mcrollyj3@wordpress.org,Female,Hazlov
689,Kilian,Picknett,kpicknettj4@g.co,Male,Jiagao
690,Viole,Icke,vickej5@nytimes.com,Female,Promna
691,Melloney,Greenhow,mgreenhowj6@amazon.co.uk,Female,Tanggung
692,Desmund,Sheldrake,dsheldrakej7@digg.com,Genderqueer,Phôngsali
693,Billye,Proctor,bproctorj8@free.fr,Female,Gomunice
694,Florrie,Cavil,fcavilj9@dion.ne.jp,Female,Moscow
695,Phyllis,Gazey,pgazeyja@netvibes.com,Female,Salitral
696,Shellysheldon,Ballendine,sballendinejb@blinklist.com,Male,Jatisari
697,Gilly,Stivani,gstivanijc@woothemes.com,Female,Senglea
698,Kasper,Neising,kneisingjd@mapy.cz,Agender,Quanzhou
699,Luce,Maunder,lmaunderje@icq.com,Female,Tebara
700,Marietta,Sunley,msunleyjf@homestead.com,Male,Goúrnes
701,Sandi,Walkling,swalklingjg@gravatar.com,Female,Na Yong
702,Josey,Eadon,jeadonjh@163.com,Female,Wola Uhruska
703,Jeanie,Margrem,jmargremji@usgs.gov,Female,Chivor
704,Rosanna,Burniston,rburnistonjj@sourceforge.net,Female,Ngembul
705,Russell,Klishin,rklishinjk@woothemes.com,Male,Daet
706,Debbie,Drinkel,ddrinkeljl@google.com,Female,Morje
707,Niles,Bend,nbendjm@sun.com,Male,Ortiga
708,Zacharia,Mulvany,zmulvanyjn@joomla.org,Male,Sere
709,Grayce,Alans,galansjo@theguardian.com,Female,Sam Phran
710,Salvador,Harlin,sharlinjp@oaic.gov.au,Male,Bajiao
711,Orbadiah,Dent,odentjq@businesswire.com,Male,Seraya
712,Rik,Pods,rpodsjr@sciencedirect.com,Male,Oskarshamn
713,Ros,Sproson,rsprosonjs@rediff.com,Agender,Aimin
714,Stearne,Silverson,ssilversonjt@wp.com,Male,Lughaye
715,Ramsey,Whitrod,rwhitrodju@amazonaws.com,Male,Senggreng
716,Clair,Kobu,ckobujv@de.vu,Male,Xigangzi
717,Lemar,Chevolleau,lchevolleaujw@utexas.edu,Male,Santa Ana
718,Kurt,Fulop,kfulopjx@mlb.com,Male,Ngulung Wetan
719,Bryn,Aaron,baaronjy@ifeng.com,Female,Colmar
720,Rickey,Bellocht,rbellochtjz@tinypic.com,Male,Grenoble
721,Trip,Seeney,tseeneyk0@google.fr,Genderqueer,Sentani
722,Channa,Imesen,cimesenk1@msu.edu,Female,Ni’ao
723,Aurlie,Laweles,alawelesk2@hostgator.com,Female,Sannikovo
724,Mariellen,Farnish,mfarnishk3@theglobeandmail.com,Non-binary,Fuming
725,Luz,Petters,lpettersk4@fotki.com,Female,Mudanjiang
726,Delmor,Ricardot,dricardotk5@altervista.org,Male,Chanika
727,Alphonse,Szymonwicz,aszymonwiczk6@yahoo.co.jp,Male,Changgucheng
728,Wilek,Gilstin,wgilstink7@economist.com,Male,Xiaoling
729,Mart,Dives,mdivesk8@slashdot.org,Male,Egindiköl
730,Harland,Croker,hcrokerk9@geocities.com,Male,Murmino
731,Garret,Le Cornu,glecornuka@exblog.jp,Male,Guandiping
732,Demetrius,Greg,dgregkb@hhs.gov,Bigender,Baki
733,Rozelle,Marcoolyn,rmarcoolynkc@ox.ac.uk,Female,Becerril
734,Lon,Bowcher,lbowcherkd@fotki.com,Male,Santa Cruz
735,Biron,Folan,bfolanke@independent.co.uk,Male,Barbalha
736,Cassandre,Rawdales,crawdaleskf@liveinternet.ru,Female,Nyala
737,Marena,Weale,mwealekg@yale.edu,Female,Balas
738,Marcello,Norrie,mnorriekh@technorati.com,Male,Yerba Buena
739,Aaren,Gosnell,agosnellki@nih.gov,Female,Santa Anita
740,Iggie,Lindberg,ilindbergkj@deviantart.com,Male,København
741,Madeleine,Tilling,mtillingkk@people.com.cn,Female,Yeysk
742,Staford,Hartridge,shartridgekl@google.cn,Male,Dehang
743,Nata,Bliven,nblivenkm@edublogs.org,Female,Ruteng
744,Tally,Blamphin,tblamphinkn@sphinn.com,Bigender,Maliiha
745,Wendi,Sutliff,wsutliffko@nbcnews.com,Female,Nice
746,Horton,Vedeniktov,hvedeniktovkp@infoseek.co.jp,Genderfluid,Yerba Buena
747,Hollie,Weatherhead,hweatherheadkq@gnu.org,Female,Krasnohrad
748,Parrnell,Emblem,pemblemkr@miibeian.gov.cn,Male,Huangbu
749,Karin,Cund,kcundks@hc360.com,Female,Xianghu
750,Penelope,Hurley,phurleykt@ocn.ne.jp,Female,Pasirbitung
751,Maitilde,Motten,mmottenku@scientificamerican.com,Female,Belén
752,Rikki,Milier,rmilierkv@eventbrite.com,Female,Savannakhét
753,Frasier,Critten,fcrittenkw@prweb.com,Male,Zhonghe
754,Koo,Sissot,ksissotkx@cbslocal.com,Female,Haysyn
755,Antonino,Llopis,allopisky@geocities.jp,Male,Palestina
756,Goldi,Nipper,gnipperkz@reddit.com,Female,Serra de Santa Marinha
757,Brigida,Klimowicz,bklimowiczl0@slate.com,Female,Columbus
758,Sybille,Hallett,shallettl1@creativecommons.org,Female,Ganxi
759,Anabel,Trevan,atrevanl2@multiply.com,Female,Mougins
760,Ruy,Carnelley,rcarnelleyl3@opensource.org,Male,Shemursha
761,Christine,Drezzer,cdrezzerl4@oakley.com,Female,Kameoka
762,Clywd,Dalyiel,cdalyiell5@yahoo.com,Male,Sekararum
763,Falkner,Ollerhad,follerhadl6@home.pl,Male,Chenjiatan
764,Dennet,Kitley,dkitleyl7@sakura.ne.jp,Male,Quxia
765,Jamie,Halgarth,jhalgarthl8@amazon.co.jp,Male,Yangqing
766,Billie,Makinson,bmakinsonl9@scribd.com,Male,Itaguaçu
767,Bartolemo,Carlens,bcarlensla@nature.com,Male,Bayan
768,Brandie,Berrick,bberricklb@howstuffworks.com,Agender,Karangkedawung
769,Bernarr,Cranney,bcranneylc@arstechnica.com,Male,Hadakewa
770,Letizia,Baggelley,lbaggelleyld@google.co.jp,Female,Torino
771,Ellswerth,Tappin,etappinle@alexa.com,Male,Cotabambas
772,Eleonora,Tilburn,etilburnlf@last.fm,Female,Osiedle-Nowiny
773,Haslett,Tuison,htuisonlg@163.com,Male,Khāngāh Dogrān
774,Pincus,Bianco,pbiancolh@slashdot.org,Male,Jammāl
775,Kitti,Goodhew,kgoodhewli@baidu.com,Female,Huilelot
776,Syman,Tummasutti,stummasuttilj@xing.com,Male,Niort
777,Cordy,Tosdevin,ctosdevinlk@home.pl,Genderqueer,Iwye
778,Melina,Calderonello,mcalderonelloll@telegraph.co.uk,Female,Bafilo
779,Peri,Henker,phenkerlm@pbs.org,Bigender,Paris 18
780,Fin,Jakobssen,fjakobssenln@ed.gov,Male,Fenggang
781,Neille,Chatel,nchatello@uiuc.edu,Female,Mathakola
782,Emmy,Vidgeon,evidgeonlp@networksolutions.com,Female,Wanjia
783,See,Jermy,sjermylq@ifeng.com,Male,Willowdale
784,Codi,Eite,ceitelr@symantec.com,Female,Mathba
785,Jessi,Dallon,jdallonls@youku.com,Female,Paris 15
786,Merridie,Pawfoot,mpawfootlt@domainmarket.com,Genderfluid,Qinxi
787,Morton,Hurn,mhurnlu@youtube.com,Male,Viçosa
788,Lesly,Emons,lemonslv@comsenz.com,Female,Dobrich
789,Elwira,Candie,ecandielw@cbslocal.com,Female,Kyustendil
790,Denyse,Friedenbach,dfriedenbachlx@bbc.co.uk,Female,Dongfeng
791,Wye,Baumaier,wbaumaierly@freewebs.com,Male,Grecheskoye
792,Frederica,Halwell,fhalwelllz@patch.com,Female,Guantouzui
793,Myrle,Garfath,mgarfathm0@squarespace.com,Female,Chimbas
794,Nappy,Ridgway,nridgwaym1@twitter.com,Male,Mankoeng
795,Angelina,Garci,agarcim2@woothemes.com,Female,Ḩalāwah
796,Mattie,Chang,mchangm3@sfgate.com,Female,Wakefield
797,Chloette,Allday,calldaym4@toplist.cz,Female,Przybyszówka
798,Joey,Grimwade,jgrimwadem5@dyndns.org,Male,Riachão das Neves
799,Archibold,Codman,acodmanm6@patch.com,Male,Laventure
800,Loydie,Doward,ldowardm7@adobe.com,Male,Rassvet
801,Fredrika,Ramelot,framelotm8@cam.ac.uk,Female,Mizhhir’ya
802,Dulcine,Mergue,dmerguem9@sciencedirect.com,Female,Tyringe
803,Frazer,Danshin,fdanshinma@weather.com,Male,Longxian
804,Fonz,Brigshaw,fbrigshawmb@blogspot.com,Male,Stonewall
805,Delmar,Tucker,dtuckermc@pinterest.com,Male,Wuquan
806,Lodovico,Vorley,lvorleymd@guardian.co.uk,Male,Jarānwāla
807,Federica,Gordon,fgordonme@blinklist.com,Female,San Pedro
808,Thomasina,Mafham,tmafhammf@slate.com,Female,Rotunda
809,Hernando,Choake,hchoakemg@jugem.jp,Male,Bezons
810,Deana,Scarth,dscarthmh@elpais.com,Female,Keta
811,Gabriello,Colvin,gcolvinmi@jiathis.com,Male,Keli
812,Linda,Guerri,lguerrimj@sciencedaily.com,Female,Kudanding
813,Dietrich,Dimitriades,ddimitriadesmk@ox.ac.uk,Male,Xincheng
814,Nicola,Escritt,nescrittml@tinypic.com,Female,Oslo
815,Matias,Fields,mfieldsmm@jigsy.com,Genderqueer,Gongxi
816,Dale,Johannes,djohannesmn@wp.com,Male,Dangshun
817,Alric,Haines,ahainesmo@time.com,Male,Ōtsu-shi
818,Howey,Glassman,hglassmanmp@altervista.org,Male,Limmared
819,Emelyne,Benaine,ebenainemq@angelfire.com,Female,Aral
820,Sosanna,Penrith,spenrithmr@examiner.com,Female,Sionogan
821,Margie,Truse,mtrusems@craigslist.org,Female,Zgornje Pirniče
822,Wesley,Phlipon,wphliponmt@unesco.org,Male,Rashaant
823,Wallace,Dallmann,wdallmannmu@whitehouse.gov,Male,Delodpeken
824,Guenevere,Dymock,gdymockmv@guardian.co.uk,Female,Lexington
825,Keenan,Wong,kwongmw@sogou.com,Bigender,Zhichanghe
826,Valera,Christaeas,vchristaeasmx@who.int,Female,Hrochův Týnec
827,Morgan,McCaughey,mmccaugheymy@examiner.com,Male,Tangnan
828,Timi,Becom,tbecommz@blogtalkradio.com,Female,Krasnyy Luch
829,Christos,L'argent,clargentn0@google.de,Male,Tantou
830,Noland,Whittuck,nwhittuckn1@auda.org.au,Male,Nukuoro
831,Albrecht,Kettlewell,akettlewelln2@ocn.ne.jp,Male,Verona
832,Merle,Davidovitch,mdavidovitchn3@google.co.uk,Male,Gnieżdżewo
833,Horacio,Dunseith,hdunseithn4@etsy.com,Male,Núi Đối
834,Major,Saunton,msauntonn5@phpbb.com,Male,Galapa
835,Desirae,Boundey,dboundeyn6@reverbnation.com,Female,Cantoria
836,Lauren,Ricketts,lrickettsn7@msn.com,Female,Wan’an
837,Laurel,Rhoades,lrhoadesn8@seattletimes.com,Female,Frederiksberg
838,Kassie,Langcastle,klangcastlen9@vistaprint.com,Female,Los Mangos
839,Sasha,Ellgood,sellgoodna@businessinsider.com,Male,Kuala Lumpur
840,Jody,Demogeot,jdemogeotnb@bluehost.com,Male,Angkup
841,Hoebart,Audrey,haudreync@cbsnews.com,Male,Jönköping
842,Naoma,Satterthwaite,nsatterthwaitend@barnesandnoble.com,Female,Wielka Nieszawka
843,Leeann,Gairdner,lgairdnerne@businesswire.com,Female,Peterhof
844,Jill,Stalman,jstalmannf@yolasite.com,Bigender,Rancasadang
845,Alfred,Incogna,aincognang@plala.or.jp,Male,Netvořice
846,Teressa,Deeming,tdeemingnh@people.com.cn,Female,Masatepe
847,Tedmund,Bettenson,tbettensonni@webnode.com,Male,Nagrak
848,Connor,Dee,cdeenj@gmpg.org,Male,Palla
849,Natasha,Yate,nyatenk@netvibes.com,Female,Myanaung
850,Ibrahim,Oakey,ioakeynl@bizjournals.com,Male,Jejkowice
851,Tris,Behnen,tbehnennm@ifeng.com,Male,Xudat
852,Riannon,Piddock,rpiddocknn@photobucket.com,Female,Saratov
853,Nicolle,Kop,nkopno@omniture.com,Female,Lluka e Eperme
854,Gustave,Pringour,gpringournp@discuz.net,Male,Fuyang
855,Franzen,Gleadhall,fgleadhallnq@feedburner.com,Male,Huaquirca
856,Marilin,Cicccitti,mcicccittinr@marriott.com,Female,Belozërskoye
857,Skip,Jordeson,sjordesonns@webmd.com,Male,Galle
858,Clark,Meehan,cmeehannt@eepurl.com,Male,Amiens
859,Nap,Howgill,nhowgillnu@t.co,Male,Būrabay
860,Sandie,Earl,searlnv@boston.com,Female,Macarse
861,Alexander,Hansford,ahansfordnw@oracle.com,Male,Bekasi
862,Saxe,McCraine,smccrainenx@google.de,Male,Kulia Village
863,Valentino,Musla,vmuslany@examiner.com,Male,Sendangrejo
864,Reube,MacConnel,rmacconnelnz@addtoany.com,Polygender,Touba
865,Berry,Honatsch,bhonatscho0@ovh.net,Female,Liyang
866,Kirk,Grishkov,kgrishkovo1@oracle.com,Male,Siilinjärvi
867,Bunny,Hlavecek,bhlaveceko2@bbb.org,Female,Maştağa
868,Wanda,McElory,wmceloryo3@dedecms.com,Female,Solok
869,Olva,Castagnasso,ocastagnassoo4@deviantart.com,Polygender,Urek-urek
870,Hamel,Ponten,hponteno5@home.pl,Male,Fos-sur-Mer
871,Jonah,Cattermole,jcattermoleo6@google.com,Male,Perdões
872,Sullivan,Castel,scastelo7@joomla.org,Male,Jiwuwu
873,Holt,Patters,hpatterso8@theguardian.com,Male,Imatra
874,Guillema,MacCracken,gmaccrackeno9@ca.gov,Female,Santa Monica
875,Lillian,Oxenford,loxenfordoa@cmu.edu,Female,Xinan
876,Amy,Ledger,aledgerob@foxnews.com,Female,Krasnogorskiy
877,Caroljean,O'Scanlon,coscanlonoc@tripadvisor.com,Female,Shidu
878,Mindy,McWhorter,mmcwhorterod@reuters.com,Female,Ji’an
879,Lexie,Ragdale,lragdaleoe@apple.com,Female,Pingdu
880,Antoine,Finneran,afinneranof@spiegel.de,Non-binary,Baimaqiao
881,Andriana,Fice,aficeog@hibu.com,Female,Malešići
882,Trstram,Orwin,torwinoh@prlog.org,Male,Barili
883,Shepperd,Choulerton,schoulertonoi@delicious.com,Male,Zastron
884,Steffie,O'Beirne,sobeirneoj@oaic.gov.au,Female,Täby
885,Cathie,O'Gaven,cogavenok@istockphoto.com,Female,Vale de Açores
886,Katharina,Carlisso,kcarlissool@businessweek.com,Female,Huskvarna
887,Donnell,Paulet,dpauletom@apple.com,Male,Waldbillig
888,Artemas,Wulfinger,awulfingeron@drupal.org,Male,Troyits’ke
889,Ofella,Tomkins,otomkinsoo@sohu.com,Female,Billings
890,Travus,Nekrews,tnekrewsop@meetup.com,Male,Beihuaidian
891,Skelly,Fakes,sfakesoq@blogs.com,Agender,Leonárisso
892,Tawnya,Langhor,tlanghoror@kickstarter.com,Female,Cái Dầu
893,Haleigh,Hessentaler,hhessentaleros@xing.com,Female,Lijiapu
894,Madelene,Greatbatch,mgreatbatchot@sphinn.com,Female,Manaulanan
895,Cornela,Towsie,ctowsieou@diigo.com,Female,Landskrona
896,Clare,Sprakes,csprakesov@bravesites.com,Female,Gálvez
897,Heda,De Cleen,hdecleenow@wiley.com,Female,Göteborg
898,Rena,Giovannelli,rgiovannelliox@nih.gov,Female,Minzheng
899,Enos,Balston,ebalstonoy@photobucket.com,Male,Stare Juchy
900,Erasmus,Henkmann,ehenkmannoz@constantcontact.com,Male,Dongfanghong
901,Nikolaos,Penke,npenkep0@economist.com,Male,Ketapang
902,Shaw,MacPake,smacpakep1@tamu.edu,Male,Haoraoshan
903,Debora,Roadnight,droadnightp2@nps.gov,Female,Zhongcun
904,Phillis,Hildred,phildredp3@wiley.com,Female,Kuz’minskiye Otverzhki
905,Tanitansy,Godson,tgodsonp4@biblegateway.com,Female,Huanghuatan
906,Homere,Tran,htranp5@pcworld.com,Male,Selaparang Timur
907,Dimitri,Pues,dpuesp6@twitter.com,Male,Gaolong
908,Lonna,Tuplin,ltuplinp7@blogtalkradio.com,Female,Tanniu
909,Wendye,Burland,wburlandp8@last.fm,Female,Saint-Laurent-Blangy
910,Maddy,Kubek,mkubekp9@blogger.com,Male,Puerto de Nutrias
911,Hobie,Stickels,hstickelspa@archive.org,Male,Foros de Salvaterra
912,Derward,Amaya,damayapb@icq.com,Agender,Tvŭrditsa
913,Faith,Bouskill,fbouskillpc@fema.gov,Female,Ilopango
914,Nicola,Gaudin,ngaudinpd@howstuffworks.com,Female,Tecpán Guatemala
915,Westley,O'Day,wodaype@ca.gov,Non-binary,Närpes
916,Hewett,Sussex,hsussexpf@fda.gov,Male,Quaraí
917,Nicolas,Dimont,ndimontpg@drupal.org,Male,Tutayev
918,Golda,Kores,gkoresph@privacy.gov.au,Female,Durazno
919,Dur,Cuningham,dcuninghampi@theatlantic.com,Male,Cabangan
920,Court,Twort,ctwortpj@mac.com,Male,Albacete
921,Herman,Benoit,hbenoitpk@earthlink.net,Male,Laohekou
922,Sibby,Castan,scastanpl@businesswire.com,Female,Vårby
923,Gerald,McCardle,gmccardlepm@unicef.org,Male,Florida
924,Aaren,McCraw,amccrawpn@bigcartel.com,Female,Paprotnia
925,Melvyn,Crosi,mcrosipo@vkontakte.ru,Male,Pallasovka
926,Bobbie,Pickett,bpickettpp@fotki.com,Female,Montargis
927,Odelle,Eglese,oeglesepq@alibaba.com,Female,Sangallaya
928,Almeda,Quinnelly,aquinnellypr@ebay.co.uk,Female,Sukamulya
929,Bogey,Lube,blubeps@ow.ly,Male,Yangchengzhuang
930,Lon,Sealeaf,lsealeafpt@toplist.cz,Male,Kudusan
931,Benjie,Mashal,bmashalpu@barnesandnoble.com,Male,Najin
932,Damon,Semper,dsemperpv@alexa.com,Male,Leuwihalang
933,Somerset,Temporal,stemporalpw@bravesites.com,Male,Helsingborg
934,Sean,Piell,spiellpx@github.com,Bigender,Rudnichnyy
935,Phebe,Mattheissen,pmattheissenpy@indiatimes.com,Female,Mets Parni
936,Lucius,Rutigliano,lrutiglianopz@buzzfeed.com,Male,Jieduo
937,Maegan,Steels,msteelsq0@psu.edu,Female,Kalino
938,Herc,Maunders,hmaundersq1@huffingtonpost.com,Male,Saint-Étienne
939,Malorie,Garley,mgarleyq2@java.com,Genderfluid,Tân Phú
940,Meta,Hopkynson,mhopkynsonq3@hc360.com,Female,Ōmura
941,Madelon,Ludwell,mludwellq4@bandcamp.com,Female,Bełk
942,Jory,Olifaunt,jolifauntq5@com.com,Male,Ágio Pnévma
943,Waldemar,Burburough,wburburoughq6@flickr.com,Male,Aku
944,George,O'Fallone,gofalloneq7@chron.com,Female,Masindi Port
945,Osgood,Itter,oitterq8@twitpic.com,Male,Moro
946,Brnaby,Tuckey,btuckeyq9@msn.com,Male,Colonia Neuland
947,Glynis,Bice,gbiceqa@mtv.com,Female,Balingasag
948,Natala,Eggleson,negglesonqb@hhs.gov,Female,Barcelona
949,Ardys,Terzza,aterzzaqc@yahoo.com,Female,Cinco Saltos
950,Silvain,Meyer,smeyerqd@artisteer.com,Male,Jinzao
951,Alonso,Cozins,acozinsqe@fastcompany.com,Male,Vilkaviskis
952,Reggis,Antonignetti,rantonignettiqf@t.co,Male,Al Mazra‘ah
953,Ingaberg,Carberry,icarberryqg@boston.com,Female,Bayt Maqdūm
954,Mellisent,Awcock,mawcockqh@intel.com,Female,Wushan
955,Andonis,Osgardby,aosgardbyqi@cdc.gov,Male,Heřmanův Městec
956,Thorndike,Cusack,tcusackqj@topsy.com,Male,Minante Segundo
957,Chrysa,Crosier,ccrosierqk@mapy.cz,Female,Rijau
958,Katrina,Henriques,khenriquesql@zimbio.com,Female,Sendai
959,Lorin,Carnie,lcarnieqm@google.com.hk,Male,Xinhua
960,Arlie,Huggill,ahuggillqn@creativecommons.org,Female,Jiachuan
961,Rolph,Goodhand,rgoodhandqo@earthlink.net,Male,Psáry
962,Nikolai,Hecks,nhecksqp@mac.com,Male,Baruunsuu
963,Roy,Schott,rschottqq@usgs.gov,Male,Xiangshui
964,Dannel,Phizacklea,dphizackleaqr@oaic.gov.au,Male,Golčův Jeníkov
965,Felice,Bellows,fbellowsqs@amazon.co.uk,Male,Shilaoren
966,Beverlee,Abdon,babdonqt@netvibes.com,Female,Balakhta
967,Hilarius,Dumsday,hdumsdayqu@engadget.com,Male,Kadujajar
968,Regen,Staley,rstaleyqv@nih.gov,Male,Sulop
969,Halimeda,Devons,hdevonsqw@spotify.com,Female,Verkhnyaya Belka
970,Magnum,Koche,mkocheqx@ucoz.ru,Male,Mazongling
971,Delphine,Fleury,dfleuryqy@craigslist.org,Female,Tawen Aobao
972,Corena,Mundee,cmundeeqz@pagesperso-orange.fr,Female,Kuala Terengganu
973,Rossie,Gladtbach,rgladtbachr0@cbc.ca,Polygender,Novopokrovskaya
974,Riobard,Dinnage,rdinnager1@hibu.com,Male,Sūq ar Rabū‘
975,Mignon,Tyt,mtytr2@usa.gov,Female,Moulins
976,Archambault,Topaz,atopazr3@statcounter.com,Male,Johanneshov
977,Graig,Sumner,gsumnerr4@a8.net,Male,Ōsaka-shi
978,Web,Fredy,wfredyr5@craigslist.org,Male,Cipatujah
979,Cami,covino,ccovinor6@census.gov,Female,Nusaherang
980,Joana,Denzey,jdenzeyr7@google.de,Female,Dingshu
981,Jerri,Matts,jmattsr8@addtoany.com,Male,Marseille
982,Zack,Clericoates,zclericoatesr9@pbs.org,Male,Kazan
983,Lilli,Johantges,ljohantgesra@cyberchimps.com,Agender,Gaoping
984,Spence,Delbergue,sdelberguerb@berkeley.edu,Male,Chrysó
985,Reinald,Calverd,rcalverdrc@china.com.cn,Genderfluid,Guzhuyingzi
986,Lorie,Boick,lboickrd@altervista.org,Female,Huaiya
987,Stuart,Endrizzi,sendrizzire@wp.com,Male,Yangshufang
988,Ulrike,Pleavin,upleavinrf@vkontakte.ru,Female,Baipu
989,Bettine,Dachey,bdacheyrg@tripadvisor.com,Female,Filabusi
990,Stanleigh,Coney,sconeyrh@altervista.org,Male,Rahama
991,Ernest,Arbor,earborri@ox.ac.uk,Male,Angeghakot’
992,Erica,Hatch,ehatchrj@ning.com,Female,Terek
993,Griz,Kenington,gkeningtonrk@github.io,Male,Klatovy
994,Thedrick,Handke,thandkerl@meetup.com,Male,Delareyville
995,Silvana,Duckerin,sduckerinrm@tuttocitta.it,Non-binary,La Virginia
996,Judd,Palser,jpalserrn@desdev.cn,Male,Yuanping
997,Odella,Swyer-Sexey,oswyersexeyro@i2i.jp,Agender,Chuzhou
998,Ingaberg,Sterling,isterlingrp@nih.gov,Female,Kissimmee
999,Alexis,Tart,atartrq@whitehouse.gov,Female,Maonon
1000,Adriena,Piddlesden,apiddlesdenrr@is.gd,Polygender,Bīrganj
